{"camera_matrix": [[457.1084033755727, 0.0, 332.9262816133629], [0.0, 455.2159903794111, 253.78546760386763], [0.0, 0.0, 1.0]], "distortion_coefficients": [[0.049622735667018594, -0.09547167370347594, 0.007179554756574352, 0.011933595762833132, 0.051693049601824054]]}